,complete_name
200,sub-BAMBAM331_ses-003_331c_to_15m_brainAligned.nii.gz
201,sub-BAMBAM692_ses-004_692d_to_6m_brainAligned.nii.gz
202,sub-BAMBAM302_ses-001_302_to_3m_brainAligned.nii.gz
203,sub-BAMBAM296_ses-002_296b_to_42m_brainAligned.nii.gz
204,sub-BAMBAM132_ses-004_132d_to_108m_brainAligned.nii.gz
205,sub-BAMBAM183_ses-007_183g_to_72m_brainAligned.nii.gz
206,sub-BAMBAM041_ses-001_041_to_6m_brainAligned.nii.gz
207,sub-BAMBAM098_ses-001_098_to_36m_brainAligned.nii.gz
208,sub-BAMBAM414_ses-001_414_to_3m_brainAligned.nii.gz
209,sub-BAMBAM063_ses-002_063b_to_84m_brainAligned.nii.gz
210,sub-BAMBAM229_ses-005_229e_to_108m_brainAligned.nii.gz
211,sub-BAMBAM101_ses-002_101b_to_108m_brainAligned.nii.gz
212,sub-BAMBAM323_ses-001_323_to_15m_brainAligned.nii.gz
213,sub-BAMBAM640_ses-001_640_to_60m_brainAligned.nii.gz
214,sub-BAMBAM083_ses-006_083f_to_108m_brainAligned.nii.gz
215,sub-BAMBAM897_ses-001_897_to_108m_brainAligned.nii.gz
216,sub-BAMBAM435_ses-006_435f_to_60m_brainAligned.nii.gz
217,sub-BAMBAM238_ses-003_238c_to_108m_brainAligned.nii.gz
218,sub-BAMBAM468_ses-001_468_to_3m_brainAligned.nii.gz
219,sub-BAMBAM171_ses-006_171f_to_72m_brainAligned.nii.gz
220,sub-BAMBAM203_ses-002_203b_to_42m_brainAligned.nii.gz
221,sub-BAMBAM469_ses-002_469b_to_108m_brainAligned.nii.gz
222,sub-BAMBAM348_ses-001_348_to_42m_brainAligned.nii.gz
223,sub-BAMBAM232_ses-002_232b_to_30m_brainAligned.nii.gz
224,sub-BAMBAM443_ses-003_443c_to_24m_brainAligned.nii.gz
225,sub-BAMBAM071_ses-007_071g_to_108m_brainAligned.nii.gz
226,sub-BAMBAM125_ses-001_125_to_60m_brainAligned.nii.gz
227,sub-BAMBAM158_ses-003_158c_to_18m_brainAligned.nii.gz
228,sub-BAMBAM331_ses-006_331f_to_84m_brainAligned.nii.gz
229,sub-BAMBAM522_ses-001_522_to_6m_brainAligned.nii.gz
230,sub-BAMBAM214_ses-002_214b_to_48m_brainAligned.nii.gz
231,sub-BAMBAM073_ses-007_073g_to_84m_brainAligned.nii.gz
232,sub-BAMBAM499_ses-003_499c_to_72m_brainAligned.nii.gz
233,sub-BAMBAM423_ses-001_423_to_3m_brainAligned.nii.gz
234,sub-BAMBAM090_ses-003_090c_to_60m_brainAligned.nii.gz
235,sub-BAMBAM176_ses-001_176_to_18m_brainAligned.nii.gz
236,sub-BAMBAM111_ses-004_111d_to_96m_brainAligned.nii.gz
237,sub-BAMBAM306_ses-001_306_to_42m_brainAligned.nii.gz
238,sub-BAMBAM067_ses-007_067g_to_96m_brainAligned.nii.gz
239,sub-BAMBAM533_ses-002_533b_to_108m_brainAligned.nii.gz
240,sub-BAMBAM260_ses-001_260_to_108m_brainAligned.nii.gz
241,sub-BAMBAM921_ses-002_921b_to_18m_brainAligned.nii.gz
242,sub-BAMBAM252_ses-007_252g_to_108m_brainAligned.nii.gz
243,sub-BAMBAM235_ses-002_235b_to_108m_brainAligned.nii.gz
244,sub-BAMBAM140_ses-002_140b_to_72m_brainAligned.nii.gz
245,sub-BAMBAM248_ses-002_248b_to_108m_brainAligned.nii.gz
246,sub-BAMBAM084_ses-005_084e_to_72m_brainAligned.nii.gz
247,sub-BAMBAM075_ses-001_075_to_18m_brainAligned.nii.gz
248,sub-BAMBAM582_ses-001_582_to_60m_brainAligned.nii.gz
249,sub-BAMBAM069_ses-006_069f_to_108m_brainAligned.nii.gz
250,sub-BAMBAM269_ses-001_269_to_108m_brainAligned.nii.gz
251,sub-BAMBAM531_ses-001_531_to_60m_brainAligned.nii.gz
252,sub-BAMBAM636_ses-001_636_to_30m_brainAligned.nii.gz
253,sub-BAMBAM320_ses-001_320_to_3m_brainAligned.nii.gz
254,sub-BAMBAM130_ses-001_130_to_3m_brainAligned.nii.gz
255,sub-BAMBAM318_ses-003_318c_to_15m_brainAligned.nii.gz
256,sub-BAMBAM1018_ses-001_1018_to_60m_brainAligned.nii.gz
257,sub-BAMBAM039_ses-003_039c_to_72m_brainAligned.nii.gz
258,sub-BAMBAM066_ses-005_066e_to_108m_brainAligned.nii.gz
259,sub-BAMBAM044_ses-001_044_to_9m_brainAligned.nii.gz
260,sub-BAMBAM192_ses-001_192_to_3m_brainAligned.nii.gz
261,sub-BAMBAM136_ses-001_136_to_3m_brainAligned.nii.gz
262,sub-BAMBAM530_ses-002_530b_to_48m_brainAligned.nii.gz
263,sub-BAMBAM082_ses-004_082d_to_96m_brainAligned.nii.gz
264,sub-BAMBAM549_ses-001_549_to_42m_brainAligned.nii.gz
265,sub-BAMBAM289_ses-003_289c_to_108m_brainAligned.nii.gz
266,sub-BAMBAM219_ses-001_219_to_108m_brainAligned.nii.gz
267,sub-BAMBAM348_ses-003_348c_to_108m_brainAligned.nii.gz
268,sub-BAMBAM1031_ses-001_1031_to_72m_brainAligned.nii.gz
269,sub-BAMBAM817_ses-001_817_to_3m_brainAligned.nii.gz
270,sub-BAMBAM403_ses-002_403b_to_60m_brainAligned.nii.gz
271,sub-BAMBAM475_ses-003_475c_to_30m_brainAligned.nii.gz
272,sub-BAMBAM639_ses-001_639_to_30m_brainAligned.nii.gz
273,sub-BAMBAM104_ses-002_104b_to_36m_brainAligned.nii.gz
274,sub-BAMBAM267_ses-005_267e_to_96m_brainAligned.nii.gz
275,sub-BAMBAM392_ses-002_392b_to_12m_brainAligned.nii.gz
276,sub-BAMBAM1025_ses-001_1025_to_60m_brainAligned.nii.gz
277,sub-BAMBAM440_ses-002_440b_to_9m_brainAligned.nii.gz
278,sub-BAMBAM146_ses-007_146g_to_96m_brainAligned.nii.gz
279,sub-BAMBAM081_ses-002_081b_to_9m_brainAligned.nii.gz
280,sub-BAMBAM1012_ses-001_1012_to_9m_brainAligned.nii.gz
281,sub-BAMBAM271_ses-003_271c_to_15m_brainAligned.nii.gz
282,sub-BAMBAM860_ses-001_860_to_72m_brainAligned.nii.gz
283,sub-BAMBAM108_ses-003_108c_to_108m_brainAligned.nii.gz
284,sub-BAMBAM032_ses-008_032h_to_84m_brainAligned.nii.gz
285,sub-BAMBAM600_ses-001_600_to_6m_brainAligned.nii.gz
286,sub-BAMBAM201_ses-004_201d_to_84m_brainAligned.nii.gz
287,sub-BAMBAM2018_ses-004_2018d_to_18m_brainAligned.nii.gz
288,sub-BAMBAM233_ses-001_233_to_108m_brainAligned.nii.gz
289,sub-BAMBAM254_ses-003_254c_to_30m_brainAligned.nii.gz
290,sub-BAMBAM401_ses-003_401c_to_30m_brainAligned.nii.gz
291,sub-BAMBAM127_ses-005_127e_to_84m_brainAligned.nii.gz
292,sub-BAMBAM645_ses-002_645b_to_84m_brainAligned.nii.gz
293,sub-BAMBAM628_ses-001_628_to_42m_brainAligned.nii.gz
294,sub-BAMBAM972_ses-001_972_to_12m_brainAligned.nii.gz
295,sub-BAMBAM598_ses-001_598_to_60m_brainAligned.nii.gz
296,sub-BAMBAM289_ses-002_289b_to_108m_brainAligned.nii.gz
297,sub-BAMBAM099_ses-001_099_to_6m_brainAligned.nii.gz
298,sub-BAMBAM350_ses-001_350_to_48m_brainAligned.nii.gz
299,sub-BAMBAM768_ses-002_768b_to_48m_brainAligned.nii.gz
300,sub-BAMBAM812_ses-002_812b_to_18m_brainAligned.nii.gz
301,sub-BAMBAM207_ses-002_207b_to_21m_brainAligned.nii.gz
302,sub-BAMBAM249_ses-004_249d_to_96m_brainAligned.nii.gz
303,sub-BAMBAM016_ses-004_016d_to_108m_brainAligned.nii.gz
304,sub-BAMBAM479_ses-002_479b_to_12m_brainAligned.nii.gz
305,sub-BAMBAM097_ses-003_097c_to_24m_brainAligned.nii.gz
306,sub-BAMBAM286_ses-003_286c_to_24m_brainAligned.nii.gz
307,sub-BAMBAM617_ses-001_617_to_30m_brainAligned.nii.gz
308,sub-BAMBAM814_ses-002_814b_to_96m_brainAligned.nii.gz
309,sub-BAMBAM561_ses-002_561b_to_108m_brainAligned.nii.gz
310,sub-BAMBAM363_ses-003_363c_to_60m_brainAligned.nii.gz
311,sub-BAMBAM467_ses-001_467_to_3m_brainAligned.nii.gz
312,sub-BAMBAM286_ses-004_286d_to_42m_brainAligned.nii.gz
313,sub-BAMBAM873_ses-001_873_to_72m_brainAligned.nii.gz
314,sub-BAMBAM818_ses-004_818d_to_3m_brainAligned.nii.gz
315,sub-BAMBAM183_ses-002_183b_to_12m_brainAligned.nii.gz
316,sub-BAMBAM789_ses-003_789c_to_108m_brainAligned.nii.gz
317,sub-BAMBAM478_ses-004_478d_to_36m_brainAligned.nii.gz
318,sub-BAMBAM339_ses-003_339c_to_24m_brainAligned.nii.gz
319,sub-BAMBAM232_ses-001_232_to_21m_brainAligned.nii.gz
320,sub-BAMBAM253_ses-001_253_to_48m_brainAligned.nii.gz
321,sub-BAMBAM209_ses-006_209f_to_96m_brainAligned.nii.gz
322,sub-BAMBAM258_ses-001_258_to_36m_brainAligned.nii.gz
323,sub-BAMBAM065_ses-002_065b_to_96m_brainAligned.nii.gz
324,sub-BAMBAM453_ses-001_453_to_30m_brainAligned.nii.gz
325,sub-BAMBAM698_ses-001_698_to_60m_brainAligned.nii.gz
326,sub-BAMBAM150_ses-001_150_to_6m_brainAligned.nii.gz
327,sub-BAMBAM341_ses-002_341b_to_84m_brainAligned.nii.gz
328,sub-BAMBAM286_ses-006_286f_to_72m_brainAligned.nii.gz
329,sub-BAMBAM032_ses-002_032b_to_12m_brainAligned.nii.gz
330,sub-BAMBAM165_ses-005_165e_to_72m_brainAligned.nii.gz
331,sub-BAMBAM180_ses-003_180c_to_36m_brainAligned.nii.gz
332,sub-BAMBAM767_ses-002_767b_to_18m_brainAligned.nii.gz
333,sub-BAMBAM162_ses-001_162_to_6m_brainAligned.nii.gz
334,sub-BAMBAM182_ses-001_182_to_18m_brainAligned.nii.gz
335,sub-BAMBAM339_ses-004_339d_to_36m_brainAligned.nii.gz
336,sub-BAMBAM285_ses-001_285_to_42m_brainAligned.nii.gz
337,sub-BAMBAM067_ses-006_067f_to_84m_brainAligned.nii.gz
338,sub-BAMBAM076_ses-007_076g_to_84m_brainAligned.nii.gz
339,sub-BAMBAM083_ses-001_083_to_42m_brainAligned.nii.gz
340,sub-BAMBAM434_ses-002_434b_to_12m_brainAligned.nii.gz
341,sub-BAMBAM1251_ses-001_1251_to_108m_brainAligned.nii.gz
342,sub-BAMBAM316_ses-001_316_to_21m_brainAligned.nii.gz
343,sub-BAMBAM435_ses-002_435b_to_12m_brainAligned.nii.gz
344,sub-BAMBAM296_ses-007_296g_to_108m_brainAligned.nii.gz
345,sub-BAMBAM005_ses-003_005c_to_108m_brainAligned.nii.gz
346,sub-BAMBAM436_ses-001_436_to_3m_brainAligned.nii.gz
347,sub-BAMBAM165_ses-003_165c_to_30m_brainAligned.nii.gz
348,sub-BAMBAM1068_ses-003_1068c_to_3m_brainAligned.nii.gz
349,sub-BAMBAM025_ses-001_025_to_48m_brainAligned.nii.gz
350,sub-BAMBAM039_ses-005_039e_to_108m_brainAligned.nii.gz
351,sub-BAMBAM383_ses-001_383_to_72m_brainAligned.nii.gz
352,sub-BAMBAM744_ses-005_744e_to_24m_brainAligned.nii.gz
353,sub-BAMBAM122_ses-002_122b_to_15m_brainAligned.nii.gz
354,sub-BAMBAM189_ses-004_189d_to_72m_brainAligned.nii.gz
355,sub-BAMBAM692_ses-003_692c_to_3m_brainAligned.nii.gz
356,sub-BAMBAM897_ses-002_897b_to_6m_brainAligned.nii.gz
357,sub-BAMBAM466_ses-001_466_to_3m_brainAligned.nii.gz
358,sub-BAMBAM020_ses-001_020_to_48m_brainAligned.nii.gz
359,sub-BAMBAM031_ses-004_031d_to_36m_brainAligned.nii.gz
360,sub-BAMBAM435_ses-001_435_to_3m_brainAligned.nii.gz
361,sub-BAMBAM331_ses-004_331d_to_30m_brainAligned.nii.gz
362,sub-BAMBAM104_ses-005_104e_to_72m_brainAligned.nii.gz
363,sub-BAMBAM037_ses-003_037c_to_18m_brainAligned.nii.gz
364,sub-BAMBAM237_ses-001_237_to_15m_brainAligned.nii.gz
365,sub-BAMBAM468_ses-002_468b_to_9m_brainAligned.nii.gz
366,sub-BAMBAM450_ses-003_450c_to_48m_brainAligned.nii.gz
367,sub-BAMBAM082_ses-001_082_to_21m_brainAligned.nii.gz
368,sub-BAMBAM119_ses-004_119d_to_108m_brainAligned.nii.gz
369,sub-BAMBAM576_ses-001_576_to_72m_brainAligned.nii.gz
370,sub-BAMBAM307_ses-001_307_to_48m_brainAligned.nii.gz
371,sub-BAMBAM527_ses-001_527_to_48m_brainAligned.nii.gz
372,sub-BAMBAM136_ses-006_136f_to_72m_brainAligned.nii.gz
373,sub-BAMBAM155_ses-006_155f_to_96m_brainAligned.nii.gz
374,sub-BAMBAM126_ses-002_126b_to_9m_brainAligned.nii.gz
375,sub-BAMBAM284_ses-001_284_to_108m_brainAligned.nii.gz
376,sub-BAMBAM479_ses-003_479c_to_24m_brainAligned.nii.gz
377,sub-BAMBAM202_ses-005_202e_to_84m_brainAligned.nii.gz
378,sub-BAMBAM839_ses-005_839e_to_6m_brainAligned.nii.gz
379,sub-BAMBAM742_ses-004_742d_to_18m_brainAligned.nii.gz
380,sub-BAMBAM735_ses-001_735_to_3m_brainAligned.nii.gz
381,sub-BAMBAM436_ses-003_436c_to_24m_brainAligned.nii.gz
382,sub-BAMBAM240_ses-001_240_to_9m_brainAligned.nii.gz
383,sub-BAMBAM368_ses-001_368_to_3m_brainAligned.nii.gz
384,sub-BAMBAM110_ses-006_110f_to_84m_brainAligned.nii.gz
385,sub-BAMBAM581_ses-001_581_to_36m_brainAligned.nii.gz
386,sub-BAMBAM280_ses-004_280d_to_96m_brainAligned.nii.gz
387,sub-BAMBAM117_ses-006_117f_to_108m_brainAligned.nii.gz
388,sub-BAMBAM476_ses-005_476e_to_48m_brainAligned.nii.gz
389,sub-BAMBAM004_ses-004_004d_to_108m_brainAligned.nii.gz
390,sub-BAMBAM880_ses-005_880e_to_9m_brainAligned.nii.gz
391,sub-BAMBAM427_ses-001_427_to_3m_brainAligned.nii.gz
392,sub-BAMBAM240_ses-003_240c_to_72m_brainAligned.nii.gz
393,sub-BAMBAM538_ses-001_538_to_60m_brainAligned.nii.gz
394,sub-BAMBAM476_ses-003_476c_to_24m_brainAligned.nii.gz
395,sub-BAMBAM416_ses-001_416_to_6m_brainAligned.nii.gz
396,sub-BAMBAM596_ses-002_596b_to_60m_brainAligned.nii.gz
397,sub-BAMBAM254_ses-004_254d_to_60m_brainAligned.nii.gz
398,sub-BAMBAM165_ses-006_165f_to_96m_brainAligned.nii.gz
399,sub-BAMBAM112_ses-003_112c_to_60m_brainAligned.nii.gz
400,sub-BAMBAM477_ses-002_477b_to_42m_brainAligned.nii.gz
401,sub-BAMBAM010_ses-001_010_to_30m_brainAligned.nii.gz
402,sub-BAMBAM127_ses-002_127b_to_48m_brainAligned.nii.gz
403,sub-BAMBAM330_ses-001_330_to_3m_brainAligned.nii.gz
404,sub-BAMBAM420_ses-002_420b_to_15m_brainAligned.nii.gz
405,sub-BAMBAM409_ses-001_409_to_3m_brainAligned.nii.gz
406,sub-BAMBAM451_ses-001_451_to_60m_brainAligned.nii.gz
407,sub-BAMBAM742_ses-003_742c_to_3m_brainAligned.nii.gz
408,sub-BAMBAM214_ses-001_214_to_3m_brainAligned.nii.gz
409,sub-BAMBAM280_ses-006_280f_to_108m_brainAligned.nii.gz
410,sub-BAMBAM854_ses-004_854d_to_6m_brainAligned.nii.gz
411,sub-BAMBAM1004_ses-004_1004d_to_6m_brainAligned.nii.gz
412,sub-BAMBAM673_ses-001_673_to_24m_brainAligned.nii.gz
413,sub-BAMBAM637_ses-001_637_to_72m_brainAligned.nii.gz
414,sub-BAMBAM390_ses-002_390b_to_108m_brainAligned.nii.gz
415,sub-BAMBAM602_ses-001_602_to_42m_brainAligned.nii.gz
416,sub-BAMBAM066_ses-007_066g_to_108m_brainAligned.nii.gz
417,sub-BAMBAM540_ses-001_540_to_72m_brainAligned.nii.gz
418,sub-BAMBAM100_ses-002_100b_to_96m_brainAligned.nii.gz
419,sub-BAMBAM018_ses-004_018d_to_21m_brainAligned.nii.gz
420,sub-BAMBAM203_ses-001_203_to_30m_brainAligned.nii.gz
421,sub-BAMBAM184_ses-001_184_to_42m_brainAligned.nii.gz
422,sub-BAMBAM437_ses-003_437c_to_48m_brainAligned.nii.gz
423,sub-BAMBAM454_ses-002_454b_to_12m_brainAligned.nii.gz
424,sub-BAMBAM202_ses-006_202f_to_84m_brainAligned.nii.gz
425,sub-BAMBAM215_ses-001_215_to_3m_brainAligned.nii.gz
426,sub-BAMBAM385_ses-001_385_to_3m_brainAligned.nii.gz
427,sub-BAMBAM431_ses-001_431_to_3m_brainAligned.nii.gz
428,sub-BAMBAM369_ses-003_369c_to_48m_brainAligned.nii.gz
429,sub-BAMBAM106_ses-005_106e_to_84m_brainAligned.nii.gz
430,sub-BAMBAM366_ses-001_366_to_3m_brainAligned.nii.gz
431,sub-BAMBAM810_ses-001_810_to_72m_brainAligned.nii.gz
432,sub-BAMBAM247_ses-001_247_to_72m_brainAligned.nii.gz
433,sub-BAMBAM450_ses-002_450b_to_42m_brainAligned.nii.gz
434,sub-BAMBAM383_ses-004_383d_to_108m_brainAligned.nii.gz
435,sub-BAMBAM417_ses-002_417b_to_12m_brainAligned.nii.gz
436,sub-BAMBAM458_ses-003_458c_to_24m_brainAligned.nii.gz
437,sub-BAMBAM135_ses-004_135d_to_60m_brainAligned.nii.gz
438,sub-BAMBAM029_ses-005_029e_to_96m_brainAligned.nii.gz
439,sub-BAMBAM039_ses-007_039g_to_108m_brainAligned.nii.gz
440,sub-BAMBAM261_ses-001_261_to_108m_brainAligned.nii.gz
441,sub-BAMBAM400_ses-001_400_to_3m_brainAligned.nii.gz
442,sub-BAMBAM111_ses-005_111e_to_108m_brainAligned.nii.gz
443,sub-BAMBAM630_ses-001_630_to_72m_brainAligned.nii.gz
444,sub-BAMBAM062_ses-002_062b_to_42m_brainAligned.nii.gz
445,sub-BAMBAM415_ses-001_415_to_3m_brainAligned.nii.gz
446,sub-BAMBAM382_ses-001_382_to_6m_brainAligned.nii.gz
447,sub-BAMBAM252_ses-004_252d_to_84m_brainAligned.nii.gz
448,sub-BAMBAM231_ses-003_231c_to_108m_brainAligned.nii.gz
449,sub-BAMBAM307_ses-002_307b_to_60m_brainAligned.nii.gz
450,sub-BAMBAM321_ses-001_321_to_96m_brainAligned.nii.gz
451,sub-BAMBAM402_ses-002_402b_to_12m_brainAligned.nii.gz
452,sub-BAMBAM374_ses-002_374b_to_12m_brainAligned.nii.gz
453,sub-BAMBAM315_ses-001_315_to_3m_brainAligned.nii.gz
454,sub-BAMBAM349_ses-001_349_to_6m_brainAligned.nii.gz
455,sub-BAMBAM055_ses-001_055_to_36m_brainAligned.nii.gz
456,sub-BAMBAM192_ses-004_192d_to_84m_brainAligned.nii.gz
457,sub-BAMBAM004_ses-002_004b_to_84m_brainAligned.nii.gz
458,sub-BAMBAM503_ses-001_503_to_30m_brainAligned.nii.gz
459,sub-BAMBAM283_ses-001_283_to_60m_brainAligned.nii.gz
460,sub-BAMBAM308_ses-003_308c_to_21m_brainAligned.nii.gz
461,sub-BAMBAM142_ses-001_142_to_36m_brainAligned.nii.gz
462,sub-BAMBAM629_ses-001_629_to_42m_brainAligned.nii.gz
463,sub-BAMBAM183_ses-006_183f_to_60m_brainAligned.nii.gz
464,sub-BAMBAM282_ses-003_282c_to_18m_brainAligned.nii.gz
465,sub-BAMBAM545_ses-001_545_to_60m_brainAligned.nii.gz
466,sub-BAMBAM195_ses-001_195_to_3m_brainAligned.nii.gz
467,sub-BAMBAM191_ses-003_191c_to_60m_brainAligned.nii.gz
468,sub-BAMBAM038_ses-002_038b_to_9m_brainAligned.nii.gz
469,sub-BAMBAM264_ses-001_264_to_108m_brainAligned.nii.gz
470,sub-BAMBAM985_ses-005_985e_to_6m_brainAligned.nii.gz
471,sub-BAMBAM280_ses-002_280b_to_72m_brainAligned.nii.gz
472,sub-BAMBAM754_ses-002_754b_to_3m_brainAligned.nii.gz
473,sub-BAMBAM066_ses-004_066d_to_84m_brainAligned.nii.gz
474,sub-BAMBAM157_ses-002_157b_to_72m_brainAligned.nii.gz
475,sub-BAMBAM064_ses-002_064b_to_108m_brainAligned.nii.gz
476,sub-BAMBAM327_ses-003_327c_to_12m_brainAligned.nii.gz
477,sub-BAMBAM1087_ses-003_1087c_to_3m_brainAligned.nii.gz
478,sub-BAMBAM932_ses-004_932d_to_3m_brainAligned.nii.gz
479,sub-BAMBAM327_ses-007_327g_to_84m_brainAligned.nii.gz
480,sub-BAMBAM725_ses-002_725b_to_42m_brainAligned.nii.gz
481,sub-BAMBAM532_ses-001_532_to_48m_brainAligned.nii.gz
482,sub-BAMBAM361_ses-001_361_to_108m_brainAligned.nii.gz
483,sub-BAMBAM336_ses-001_336_to_60m_brainAligned.nii.gz
484,sub-BAMBAM016_ses-002_016b_to_18m_brainAligned.nii.gz
485,sub-BAMBAM154_ses-004_154d_to_96m_brainAligned.nii.gz
486,sub-BAMBAM322_ses-001_322_to_108m_brainAligned.nii.gz
487,sub-BAMBAM1111_ses-001_1111_to_42m_brainAligned.nii.gz
488,sub-BAMBAM082_ses-003_082c_to_72m_brainAligned.nii.gz
489,sub-BAMBAM337_ses-002_337b_to_48m_brainAligned.nii.gz
490,sub-BAMBAM215_ses-004_215d_to_72m_brainAligned.nii.gz
491,sub-BAMBAM231_ses-002_231b_to_108m_brainAligned.nii.gz
492,sub-BAMBAM251_ses-003_251c_to_84m_brainAligned.nii.gz
493,sub-BAMBAM033_ses-001_033_to_18m_brainAligned.nii.gz
494,sub-BAMBAM577_ses-001_577_to_72m_brainAligned.nii.gz
495,sub-BAMBAM286_ses-005_286e_to_60m_brainAligned.nii.gz
496,sub-BAMBAM126_ses-001_126_to_3m_brainAligned.nii.gz
497,sub-BAMBAM152_ses-001_152_to_6m_brainAligned.nii.gz
498,sub-BAMBAM183_ses-005_183e_to_48m_brainAligned.nii.gz
499,sub-BAMBAM591_ses-001_591_to_48m_brainAligned.nii.gz
500,sub-BAMBAM375_ses-001_375_to_3m_brainAligned.nii.gz
501,sub-BAMBAM209_ses-001_209_to_21m_brainAligned.nii.gz
502,sub-BAMBAM305_ses-001_305_to_3m_brainAligned.nii.gz
503,sub-BAMBAM316_ses-003_316c_to_108m_brainAligned.nii.gz
504,sub-BAMBAM040_ses-001_040_to_30m_brainAligned.nii.gz
505,sub-BAMBAM445_ses-002_445b_to_12m_brainAligned.nii.gz
506,sub-BAMBAM483_ses-001_483_to_84m_brainAligned.nii.gz
507,sub-BAMBAM778_ses-004_778d_to_3m_brainAligned.nii.gz
508,sub-BAMBAM146_ses-002_146b_to_15m_brainAligned.nii.gz
509,sub-BAMBAM107_ses-001_107_to_60m_brainAligned.nii.gz
510,sub-BAMBAM268_ses-001_268_to_60m_brainAligned.nii.gz
511,sub-BAMBAM309_ses-004_309d_to_48m_brainAligned.nii.gz
512,sub-BAMBAM318_ses-001_318_to_3m_brainAligned.nii.gz
513,sub-BAMBAM016_ses-003_016c_to_96m_brainAligned.nii.gz
514,sub-BAMBAM165_ses-004_165d_to_48m_brainAligned.nii.gz
515,sub-BAMBAM170_ses-001_170_to_3m_brainAligned.nii.gz
516,sub-BAMBAM254_ses-005_254e_to_84m_brainAligned.nii.gz
517,sub-BAMBAM292_ses-001_292_to_36m_brainAligned.nii.gz
518,sub-BAMBAM207_ses-001_207_to_12m_brainAligned.nii.gz
519,sub-BAMBAM271_ses-002_271b_to_9m_brainAligned.nii.gz
520,sub-BAMBAM110_ses-007_110g_to_96m_brainAligned.nii.gz
521,sub-BAMBAM235_ses-001_235_to_84m_brainAligned.nii.gz
522,sub-BAMBAM202_ses-004_202d_to_48m_brainAligned.nii.gz
523,sub-BAMBAM530_ses-001_530_to_36m_brainAligned.nii.gz
524,sub-BAMBAM056_ses-003_056c_to_108m_brainAligned.nii.gz
525,sub-BAMBAM818_ses-005_818e_to_6m_brainAligned.nii.gz
526,sub-BAMBAM092_ses-002_092b_to_108m_brainAligned.nii.gz
527,sub-BAMBAM084_ses-001_084_to_30m_brainAligned.nii.gz
528,sub-BAMBAM312_ses-006_312f_to_60m_brainAligned.nii.gz
529,sub-BAMBAM126_ses-003_126c_to_15m_brainAligned.nii.gz
530,sub-BAMBAM204_ses-004_204d_to_108m_brainAligned.nii.gz
531,sub-BAMBAM238_ses-001_238_to_96m_brainAligned.nii.gz
532,sub-BAMBAM111_ses-007_111g_to_108m_brainAligned.nii.gz
533,sub-BAMBAM070_ses-007_070g_to_108m_brainAligned.nii.gz
534,sub-BAMBAM679_ses-001_679_to_18m_brainAligned.nii.gz
535,sub-BAMBAM026_ses-003_026c_to_72m_brainAligned.nii.gz
536,sub-BAMBAM393_ses-001_393_to_6m_brainAligned.nii.gz
537,sub-BAMBAM713_ses-005_713e_to_24m_brainAligned.nii.gz
538,sub-BAMBAM474_ses-001_474_to_108m_brainAligned.nii.gz
539,sub-BAMBAM639_ses-002_639b_to_48m_brainAligned.nii.gz
540,sub-BAMBAM324_ses-003_324c_to_108m_brainAligned.nii.gz
541,sub-BAMBAM760_ses-002_760b_to_108m_brainAligned.nii.gz
542,sub-BAMBAM132_ses-002_132b_to_60m_brainAligned.nii.gz
543,sub-BAMBAM076_ses-009_076i_to_108m_brainAligned.nii.gz
544,sub-BAMBAM047_ses-006_047f_to_84m_brainAligned.nii.gz
545,sub-BAMBAM035_ses-003_035c_to_60m_brainAligned.nii.gz
546,sub-BAMBAM196_ses-005_196e_to_108m_brainAligned.nii.gz
547,sub-BAMBAM083_ses-007_083g_to_108m_brainAligned.nii.gz
548,sub-BAMBAM1086_ses-004_1086d_to_3m_brainAligned.nii.gz
549,sub-BAMBAM471_ses-001_471_to_6m_brainAligned.nii.gz
550,sub-BAMBAM448_ses-002_448b_to_12m_brainAligned.nii.gz
551,sub-BAMBAM465_ses-002_465b_to_12m_brainAligned.nii.gz
552,sub-BAMBAM179_ses-004_179d_to_108m_brainAligned.nii.gz
553,sub-BAMBAM161_ses-005_161e_to_108m_brainAligned.nii.gz
554,sub-BAMBAM230_ses-005_230e_to_96m_brainAligned.nii.gz
555,sub-BAMBAM073_ses-006_073f_to_60m_brainAligned.nii.gz
556,sub-BAMBAM175_ses-002_175b_to_108m_brainAligned.nii.gz
557,sub-BAMBAM511_ses-002_511b_to_30m_brainAligned.nii.gz
558,sub-BAMBAM030_ses-001_030_to_18m_brainAligned.nii.gz
559,sub-BAMBAM996_ses-004_996d_to_6m_brainAligned.nii.gz
560,sub-BAMBAM043_ses-001_043_to_6m_brainAligned.nii.gz
561,sub-BAMBAM985_ses-004_985d_to_3m_brainAligned.nii.gz
562,sub-BAMBAM258_ses-002_258b_to_72m_brainAligned.nii.gz
563,sub-BAMBAM181_ses-001_181_to_42m_brainAligned.nii.gz
564,sub-BAMBAM613_ses-002_613b_to_30m_brainAligned.nii.gz
565,sub-BAMBAM430_ses-001_430_to_3m_brainAligned.nii.gz
566,sub-BAMBAM204_ses-001_204_to_60m_brainAligned.nii.gz
567,sub-BAMBAM2018_ses-005_2018e_to_30m_brainAligned.nii.gz
568,sub-BAMBAM059_ses-004_059d_to_108m_brainAligned.nii.gz
569,sub-BAMBAM253_ses-005_253e_to_96m_brainAligned.nii.gz
570,sub-BAMBAM466_ses-002_466b_to_12m_brainAligned.nii.gz
571,sub-BAMBAM029_ses-003_029c_to_24m_brainAligned.nii.gz
572,sub-BAMBAM078_ses-003_078c_to_96m_brainAligned.nii.gz
573,sub-BAMBAM972_ses-002_972b_to_18m_brainAligned.nii.gz
574,sub-BAMBAM552_ses-001_552_to_60m_brainAligned.nii.gz
575,sub-BAMBAM079_ses-002_079b_to_60m_brainAligned.nii.gz
576,sub-BAMBAM763_ses-001_763_to_30m_brainAligned.nii.gz
577,sub-BAMBAM409_ses-002_409b_to_12m_brainAligned.nii.gz
578,sub-BAMBAM946_ses-004_946d_to_3m_brainAligned.nii.gz
579,sub-BAMBAM052_ses-005_052e_to_96m_brainAligned.nii.gz
580,sub-BAMBAM533_ses-001_533_to_84m_brainAligned.nii.gz
581,sub-BAMBAM396_ses-003_396c_to_24m_brainAligned.nii.gz
582,sub-BAMBAM032_ses-004_032d_to_24m_brainAligned.nii.gz
583,sub-BAMBAM135_ses-002_135b_to_12m_brainAligned.nii.gz
584,sub-BAMBAM244_ses-004_244d_to_60m_brainAligned.nii.gz
585,sub-BAMBAM396_ses-001_396_to_3m_brainAligned.nii.gz
586,sub-BAMBAM691_ses-001_691_to_42m_brainAligned.nii.gz
587,sub-BAMBAM036_ses-003_036c_to_72m_brainAligned.nii.gz
588,sub-BAMBAM018_ses-001_018_to_3m_brainAligned.nii.gz
589,sub-BAMBAM018_ses-003_018c_to_15m_brainAligned.nii.gz
590,sub-BAMBAM542_ses-002_542b_to_18m_brainAligned.nii.gz
591,sub-BAMBAM764_ses-004_764d_to_3m_brainAligned.nii.gz
592,sub-BAMBAM274_ses-001_274_to_6m_brainAligned.nii.gz
593,sub-BAMBAM242_ses-002_242b_to_108m_brainAligned.nii.gz
594,sub-BAMBAM547_ses-001_547_to_72m_brainAligned.nii.gz
595,sub-BAMBAM499_ses-002_499b_to_60m_brainAligned.nii.gz
596,sub-BAMBAM553_ses-002_553b_to_60m_brainAligned.nii.gz
597,sub-BAMBAM226_ses-001_226_to_108m_brainAligned.nii.gz
598,sub-BAMBAM209_ses-004_209d_to_60m_brainAligned.nii.gz
599,sub-BAMBAM324_ses-002_324b_to_108m_brainAligned.nii.gz
600,sub-BAMBAM076_ses-001_076_to_3m_brainAligned.nii.gz
601,sub-BAMBAM825_ses-001_825_to_18m_brainAligned.nii.gz
602,sub-BAMBAM157_ses-001_157_to_60m_brainAligned.nii.gz
603,sub-BAMBAM966_ses-001_966_to_108m_brainAligned.nii.gz
604,sub-BAMBAM280_ses-003_280c_to_72m_brainAligned.nii.gz
605,sub-BAMBAM003_ses-002_003b_to_108m_brainAligned.nii.gz
606,sub-BAMBAM387_ses-001_387_to_3m_brainAligned.nii.gz
607,sub-BAMBAM498_ses-001_498_to_6m_brainAligned.nii.gz
608,sub-BAMBAM1133_ses-004_1133d_to_18m_brainAligned.nii.gz
609,sub-BAMBAM388_ses-007_388g_to_84m_brainAligned.nii.gz
610,sub-BAMBAM170_ses-006_170f_to_72m_brainAligned.nii.gz
611,sub-BAMBAM140_ses-004_140d_to_108m_brainAligned.nii.gz
612,sub-BAMBAM090_ses-004_090d_to_84m_brainAligned.nii.gz
613,sub-BAMBAM476_ses-001_476_to_3m_brainAligned.nii.gz
614,sub-BAMBAM138_ses-005_138e_to_60m_brainAligned.nii.gz
615,sub-BAMBAM286_ses-007_286g_to_84m_brainAligned.nii.gz
616,sub-BAMBAM025_ses-006_025f_to_108m_brainAligned.nii.gz
617,sub-BAMBAM1077_ses-004_1077d_to_3m_brainAligned.nii.gz
618,sub-BAMBAM610_ses-001_610_to_48m_brainAligned.nii.gz
619,sub-BAMBAM360_ses-001_360_to_96m_brainAligned.nii.gz
620,sub-BAMBAM266_ses-001_266_to_6m_brainAligned.nii.gz
621,sub-BAMBAM349_ses-002_349b_to_12m_brainAligned.nii.gz
622,sub-BAMBAM052_ses-001_052_to_36m_brainAligned.nii.gz
623,sub-BAMBAM406_ses-001_406_to_3m_brainAligned.nii.gz
624,sub-BAMBAM070_ses-004_070d_to_108m_brainAligned.nii.gz
625,sub-BAMBAM343_ses-001_343_to_3m_brainAligned.nii.gz
626,sub-BAMBAM201_ses-001_201_to_36m_brainAligned.nii.gz
627,sub-BAMBAM155_ses-005_155e_to_72m_brainAligned.nii.gz
628,sub-BAMBAM280_ses-005_280e_to_108m_brainAligned.nii.gz
629,sub-BAMBAM1102_ses-001_1102_to_84m_brainAligned.nii.gz
630,sub-BAMBAM575_ses-003_575c_to_96m_brainAligned.nii.gz
631,sub-BAMBAM520_ses-001_520_to_72m_brainAligned.nii.gz
632,sub-BAMBAM080_ses-004_080d_to_30m_brainAligned.nii.gz
633,sub-BAMBAM460_ses-002_460b_to_12m_brainAligned.nii.gz
634,sub-BAMBAM062_ses-005_062e_to_84m_brainAligned.nii.gz
635,sub-BAMBAM171_ses-005_171e_to_60m_brainAligned.nii.gz
636,sub-BAMBAM802_ses-001_802_to_84m_brainAligned.nii.gz
637,sub-BAMBAM585_ses-001_585_to_24m_brainAligned.nii.gz
638,sub-BAMBAM171_ses-007_171g_to_84m_brainAligned.nii.gz
639,sub-BAMBAM348_ses-004_348d_to_108m_brainAligned.nii.gz
640,sub-BAMBAM266_ses-002_266b_to_12m_brainAligned.nii.gz
641,sub-BAMBAM218_ses-003_218c_to_108m_brainAligned.nii.gz
642,sub-BAMBAM961_ses-004_961d_to_3m_brainAligned.nii.gz
643,sub-BAMBAM188_ses-006_188f_to_108m_brainAligned.nii.gz
644,sub-BAMBAM699_ses-004_699d_to_3m_brainAligned.nii.gz
645,sub-BAMBAM335_ses-001_335_to_3m_brainAligned.nii.gz
646,sub-BAMBAM139_ses-002_139b_to_84m_brainAligned.nii.gz
647,sub-BAMBAM461_ses-004_461d_to_42m_brainAligned.nii.gz
648,sub-BAMBAM148_ses-003_148c_to_60m_brainAligned.nii.gz
649,sub-BAMBAM633_ses-002_633b_to_18m_brainAligned.nii.gz
650,sub-BAMBAM334_ses-002_334b_to_12m_brainAligned.nii.gz
651,sub-BAMBAM258_ses-003_258c_to_96m_brainAligned.nii.gz
652,sub-BAMBAM470_ses-002_470b_to_96m_brainAligned.nii.gz
653,sub-BAMBAM026_ses-005_026e_to_108m_brainAligned.nii.gz
654,sub-BAMBAM272_ses-001_272_to_108m_brainAligned.nii.gz
655,sub-BAMBAM142_ses-006_142f_to_108m_brainAligned.nii.gz
656,sub-BAMBAM411_ses-002_411b_to_12m_brainAligned.nii.gz
657,sub-BAMBAM108_ses-004_108d_to_108m_brainAligned.nii.gz
658,sub-BAMBAM570_ses-001_570_to_36m_brainAligned.nii.gz
659,sub-BAMBAM296_ses-003_296c_to_48m_brainAligned.nii.gz
660,sub-BAMBAM509_ses-001_509_to_60m_brainAligned.nii.gz
661,sub-BAMBAM473_ses-001_473_to_6m_brainAligned.nii.gz
662,sub-BAMBAM440_ses-004_440d_to_24m_brainAligned.nii.gz
663,sub-BAMBAM407_ses-003_407c_to_48m_brainAligned.nii.gz
664,sub-BAMBAM323_ses-003_323c_to_96m_brainAligned.nii.gz
665,sub-BAMBAM213_ses-001_213_to_6m_brainAligned.nii.gz
666,sub-BAMBAM373_ses-001_373_to_3m_brainAligned.nii.gz
667,sub-BAMBAM495_ses-001_495_to_48m_brainAligned.nii.gz
668,sub-BAMBAM1157_ses-003_1157c_to_3m_brainAligned.nii.gz
669,sub-BAMBAM239_ses-001_239_to_48m_brainAligned.nii.gz
670,sub-BAMBAM327_ses-004_327d_to_21m_brainAligned.nii.gz
671,sub-BAMBAM383_ses-003_383c_to_108m_brainAligned.nii.gz
672,sub-BAMBAM365_ses-001_365_to_3m_brainAligned.nii.gz
673,sub-BAMBAM102_ses-002_102b_to_18m_brainAligned.nii.gz
674,sub-BAMBAM089_ses-003_089c_to_96m_brainAligned.nii.gz
675,sub-BAMBAM589_ses-001_589_to_72m_brainAligned.nii.gz
676,sub-BAMBAM723_ses-003_723c_to_3m_brainAligned.nii.gz
677,sub-BAMBAM142_ses-004_142d_to_72m_brainAligned.nii.gz
678,sub-BAMBAM769_ses-006_769f_to_12m_brainAligned.nii.gz
679,sub-BAMBAM154_ses-006_154f_to_108m_brainAligned.nii.gz
680,sub-BAMBAM038_ses-005_038e_to_96m_brainAligned.nii.gz
681,sub-BAMBAM043_ses-007_043g_to_84m_brainAligned.nii.gz
682,sub-BAMBAM345_ses-001_345_to_84m_brainAligned.nii.gz
683,sub-BAMBAM284_ses-002_284b_to_108m_brainAligned.nii.gz
684,sub-BAMBAM032_ses-009_032i_to_108m_brainAligned.nii.gz
685,sub-BAMBAM151_ses-001_151_to_30m_brainAligned.nii.gz
686,sub-BAMBAM403_ses-001_403_to_30m_brainAligned.nii.gz
687,sub-BAMBAM082_ses-005_082e_to_108m_brainAligned.nii.gz
688,sub-BAMBAM965_ses-001_965_to_72m_brainAligned.nii.gz
689,sub-BAMBAM240_ses-002_240b_to_48m_brainAligned.nii.gz
690,sub-BAMBAM059_ses-003_059c_to_108m_brainAligned.nii.gz
691,sub-BAMBAM241_ses-003_241c_to_48m_brainAligned.nii.gz
692,sub-BAMBAM136_ses-007_136g_to_96m_brainAligned.nii.gz
693,sub-BAMBAM410_ses-001_410_to_3m_brainAligned.nii.gz
694,sub-BAMBAM252_ses-008_252h_to_108m_brainAligned.nii.gz
695,sub-BAMBAM149_ses-001_149_to_6m_brainAligned.nii.gz
696,sub-BAMBAM164_ses-002_164b_to_84m_brainAligned.nii.gz
697,sub-BAMBAM218_ses-002_218b_to_108m_brainAligned.nii.gz
698,sub-BAMBAM1097_ses-003_1097c_to_3m_brainAligned.nii.gz
699,sub-BAMBAM001_ses-002_001b_to_24m_brainAligned.nii.gz
700,sub-BAMBAM568_ses-001_568_to_36m_brainAligned.nii.gz
701,sub-BAMBAM276_ses-003_276c_to_108m_brainAligned.nii.gz
702,sub-BAMBAM491_ses-002_491b_to_72m_brainAligned.nii.gz
703,sub-BAMBAM039_ses-004_039d_to_84m_brainAligned.nii.gz
704,sub-BAMBAM420_ses-004_420d_to_48m_brainAligned.nii.gz
705,sub-BAMBAM045_ses-002_045b_to_30m_brainAligned.nii.gz
706,sub-BAMBAM053_ses-005_053e_to_48m_brainAligned.nii.gz
707,sub-BAMBAM247_ses-002_247b_to_84m_brainAligned.nii.gz
708,sub-BAMBAM277_ses-002_277b_to_72m_brainAligned.nii.gz
709,sub-BAMBAM231_ses-001_231_to_84m_brainAligned.nii.gz
710,sub-BAMBAM245_ses-001_245_to_96m_brainAligned.nii.gz
711,sub-BAMBAM558_ses-001_558_to_6m_brainAligned.nii.gz
712,sub-BAMBAM112_ses-005_112e_to_96m_brainAligned.nii.gz
713,sub-BAMBAM157_ses-003_157c_to_72m_brainAligned.nii.gz
714,sub-BAMBAM168_ses-001_168_to_60m_brainAligned.nii.gz
715,sub-BAMBAM198_ses-004_198d_to_24m_brainAligned.nii.gz
716,sub-BAMBAM070_ses-003_070c_to_84m_brainAligned.nii.gz
717,sub-BAMBAM362_ses-001_362_to_6m_brainAligned.nii.gz
718,sub-BAMBAM037_ses-001_037_to_6m_brainAligned.nii.gz
719,sub-BAMBAM584_ses-001_584_to_42m_brainAligned.nii.gz
720,sub-BAMBAM301_ses-001_301_to_3m_brainAligned.nii.gz
721,sub-BAMBAM263_ses-001_263_to_96m_brainAligned.nii.gz
722,sub-BAMBAM241_ses-002_241b_to_108m_brainAligned.nii.gz
723,sub-BAMBAM110_ses-008_110h_to_108m_brainAligned.nii.gz
724,sub-BAMBAM381_ses-001_381_to_60m_brainAligned.nii.gz
725,sub-BAMBAM760_ses-001_760_to_108m_brainAligned.nii.gz
726,sub-BAMBAM428_ses-002_428b_to_15m_brainAligned.nii.gz
727,sub-BAMBAM541_ses-001_541_to_60m_brainAligned.nii.gz
728,sub-BAMBAM070_ses-006_070f_to_108m_brainAligned.nii.gz
729,sub-BAMBAM405_ses-006_405f_to_60m_brainAligned.nii.gz
730,sub-BAMBAM029_ses-004_029d_to_48m_brainAligned.nii.gz
731,sub-BAMBAM388_ses-002_388b_to_12m_brainAligned.nii.gz
732,sub-BAMBAM252_ses-003_252c_to_72m_brainAligned.nii.gz
733,sub-BAMBAM249_ses-002_249b_to_30m_brainAligned.nii.gz
734,sub-BAMBAM484_ses-001_484_to_3m_brainAligned.nii.gz
735,sub-BAMBAM053_ses-007_053g_to_96m_brainAligned.nii.gz
736,sub-BAMBAM018_ses-002_018b_to_9m_brainAligned.nii.gz
737,sub-BAMBAM062_ses-008_062h_to_108m_brainAligned.nii.gz
738,sub-BAMBAM088_ses-003_088c_to_36m_brainAligned.nii.gz
739,sub-BAMBAM123_ses-004_123d_to_108m_brainAligned.nii.gz
740,sub-BAMBAM638_ses-002_638b_to_36m_brainAligned.nii.gz
741,sub-BAMBAM386_ses-001_386_to_48m_brainAligned.nii.gz
742,sub-BAMBAM854_ses-003_854c_to_3m_brainAligned.nii.gz
743,sub-BAMBAM482_ses-001_482_to_3m_brainAligned.nii.gz
744,sub-BAMBAM577_ses-003_577c_to_96m_brainAligned.nii.gz
745,sub-BAMBAM243_ses-001_243_to_60m_brainAligned.nii.gz
746,sub-BAMBAM312_ses-003_312c_to_15m_brainAligned.nii.gz
747,sub-BAMBAM138_ses-001_138_to_9m_brainAligned.nii.gz
748,sub-BAMBAM124_ses-002_124b_to_30m_brainAligned.nii.gz
749,sub-BAMBAM476_ses-004_476d_to_36m_brainAligned.nii.gz
750,sub-BAMBAM488_ses-001_488_to_15m_brainAligned.nii.gz
751,sub-BAMBAM980_ses-004_980d_to_3m_brainAligned.nii.gz
752,sub-BAMBAM647_ses-006_647f_to_12m_brainAligned.nii.gz
753,sub-BAMBAM711_ses-004_711d_to_3m_brainAligned.nii.gz
754,sub-BAMBAM339_ses-001_339_to_3m_brainAligned.nii.gz
755,sub-BAMBAM282_ses-002_282b_to_9m_brainAligned.nii.gz
756,sub-BAMBAM1089_ses-001_1089_to_48m_brainAligned.nii.gz
757,sub-BAMBAM123_ses-003_123c_to_96m_brainAligned.nii.gz
758,sub-BAMBAM534_ses-001_534_to_84m_brainAligned.nii.gz
759,sub-BAMBAM590_ses-001_590_to_48m_brainAligned.nii.gz
760,sub-BAMBAM043_ses-002_043b_to_12m_brainAligned.nii.gz
761,sub-BAMBAM1296_ses-001_1296_to_84m_brainAligned.nii.gz
762,sub-BAMBAM1037_ses-004_1037d_to_3m_brainAligned.nii.gz
763,sub-BAMBAM047_ses-004_047d_to_60m_brainAligned.nii.gz
764,sub-BAMBAM246_ses-004_246d_to_108m_brainAligned.nii.gz
765,sub-BAMBAM128_ses-002_128b_to_72m_brainAligned.nii.gz
766,sub-BAMBAM524_ses-004_524d_to_18m_brainAligned.nii.gz
767,sub-BAMBAM038_ses-001_038_to_3m_brainAligned.nii.gz
768,sub-BAMBAM067_ses-008_067h_to_108m_brainAligned.nii.gz
769,sub-BAMBAM621_ses-001_621_to_3m_brainAligned.nii.gz
770,sub-BAMBAM869_ses-001_869_to_96m_brainAligned.nii.gz
771,sub-BAMBAM499_ses-001_499_to_42m_brainAligned.nii.gz
772,sub-BAMBAM851_ses-004_851d_to_3m_brainAligned.nii.gz
773,sub-BAMBAM705_ses-004_705d_to_3m_brainAligned.nii.gz
774,sub-BAMBAM133_ses-001_133_to_60m_brainAligned.nii.gz
775,sub-BAMBAM021_ses-002_021b_to_30m_brainAligned.nii.gz
776,sub-BAMBAM315_ses-006_315f_to_84m_brainAligned.nii.gz
777,sub-BAMBAM230_ses-006_230f_to_108m_brainAligned.nii.gz
778,sub-BAMBAM128_ses-001_128_to_60m_brainAligned.nii.gz
779,sub-BAMBAM270_ses-005_270e_to_108m_brainAligned.nii.gz
780,sub-BAMBAM253_ses-008_253h_to_108m_brainAligned.nii.gz
781,sub-BAMBAM477_ses-004_477d_to_72m_brainAligned.nii.gz
782,sub-BAMBAM631_ses-001_631_to_60m_brainAligned.nii.gz
783,sub-BAMBAM1228_ses-001_1228_to_84m_brainAligned.nii.gz
784,sub-BAMBAM333_ses-001_333_to_3m_brainAligned.nii.gz
785,sub-BAMBAM205_ses-004_205d_to_84m_brainAligned.nii.gz
786,sub-BAMBAM267_ses-001_267_to_24m_brainAligned.nii.gz
787,sub-BAMBAM312_ses-005_312e_to_36m_brainAligned.nii.gz
788,sub-BAMBAM316_ses-002_316b_to_96m_brainAligned.nii.gz
789,sub-BAMBAM140_ses-003_140c_to_108m_brainAligned.nii.gz
790,sub-BAMBAM402_ses-001_402_to_3m_brainAligned.nii.gz
791,sub-BAMBAM271_ses-001_271_to_3m_brainAligned.nii.gz
792,sub-BAMBAM457_ses-001_457_to_3m_brainAligned.nii.gz
793,sub-BAMBAM730_ses-001_730_to_24m_brainAligned.nii.gz
794,sub-BAMBAM058_ses-004_058d_to_108m_brainAligned.nii.gz
795,sub-BAMBAM323_ses-002_323b_to_84m_brainAligned.nii.gz
796,sub-BAMBAM627_ses-001_627_to_12m_brainAligned.nii.gz
797,sub-BAMBAM487_ses-001_487_to_108m_brainAligned.nii.gz
798,sub-BAMBAM507_ses-002_507b_to_96m_brainAligned.nii.gz
799,sub-BAMBAM202_ses-007_202g_to_96m_brainAligned.nii.gz
800,sub-BAMBAM218_ses-001_218_to_96m_brainAligned.nii.gz
801,sub-BAMBAM179_ses-003_179c_to_108m_brainAligned.nii.gz
802,sub-BAMBAM126_ses-009_126i_to_84m_brainAligned.nii.gz
803,sub-BAMBAM274_ses-002_274b_to_42m_brainAligned.nii.gz
804,sub-BAMBAM099_ses-002_099b_to_12m_brainAligned.nii.gz
805,sub-BAMBAM154_ses-003_154c_to_72m_brainAligned.nii.gz
806,sub-BAMBAM620_ses-001_620_to_21m_brainAligned.nii.gz
807,sub-BAMBAM107_ses-004_107d_to_108m_brainAligned.nii.gz
808,sub-BAMBAM744_ses-004_744d_to_18m_brainAligned.nii.gz
809,sub-BAMBAM667_ses-005_667e_to_12m_brainAligned.nii.gz
810,sub-BAMBAM479_ses-001_479_to_3m_brainAligned.nii.gz
811,sub-BAMBAM575_ses-002_575b_to_42m_brainAligned.nii.gz
812,sub-BAMBAM420_ses-001_420_to_3m_brainAligned.nii.gz
813,sub-BAMBAM553_ses-001_553_to_48m_brainAligned.nii.gz
814,sub-BAMBAM396_ses-002_396b_to_12m_brainAligned.nii.gz
815,sub-BAMBAM223_ses-001_223_to_18m_brainAligned.nii.gz
816,sub-BAMBAM860_ses-002_860b_to_84m_brainAligned.nii.gz
817,sub-BAMBAM508_ses-001_508_to_72m_brainAligned.nii.gz
818,sub-BAMBAM154_ses-005_154e_to_108m_brainAligned.nii.gz
819,sub-BAMBAM069_ses-003_069c_to_72m_brainAligned.nii.gz
820,sub-BAMBAM336_ses-002_336b_to_96m_brainAligned.nii.gz
821,sub-BAMBAM071_ses-006_071f_to_84m_brainAligned.nii.gz
822,sub-BAMBAM009_ses-001_009_to_6m_brainAligned.nii.gz
823,sub-BAMBAM097_ses-004_097d_to_60m_brainAligned.nii.gz
824,sub-BAMBAM117_ses-004_117d_to_108m_brainAligned.nii.gz
825,sub-BAMBAM062_ses-004_062d_to_72m_brainAligned.nii.gz
826,sub-BAMBAM450_ses-001_450_to_12m_brainAligned.nii.gz
827,sub-BAMBAM071_ses-002_071b_to_36m_brainAligned.nii.gz
828,sub-BAMBAM104_ses-001_104_to_24m_brainAligned.nii.gz
829,sub-BAMBAM071_ses-005_071e_to_72m_brainAligned.nii.gz
830,sub-BAMBAM055_ses-002_055b_to_96m_brainAligned.nii.gz
831,sub-BAMBAM188_ses-005_188e_to_108m_brainAligned.nii.gz
832,sub-BAMBAM052_ses-007_052g_to_108m_brainAligned.nii.gz
833,sub-BAMBAM215_ses-005_215e_to_84m_brainAligned.nii.gz
834,sub-BAMBAM129_ses-003_129c_to_108m_brainAligned.nii.gz
835,sub-BAMBAM775_ses-001_775_to_9m_brainAligned.nii.gz
836,sub-BAMBAM487_ses-002_487b_to_108m_brainAligned.nii.gz
837,sub-BAMBAM788_ses-003_788c_to_84m_brainAligned.nii.gz
838,sub-BAMBAM380_ses-001_380_to_96m_brainAligned.nii.gz
839,sub-BAMBAM592_ses-002_592b_to_108m_brainAligned.nii.gz
840,sub-BAMBAM368_ses-002_368b_to_12m_brainAligned.nii.gz
841,sub-BAMBAM296_ses-006_296f_to_108m_brainAligned.nii.gz
842,sub-BAMBAM388_ses-005_388e_to_48m_brainAligned.nii.gz
843,sub-BAMBAM159_ses-002_159b_to_48m_brainAligned.nii.gz
844,sub-BAMBAM307_ses-005_307e_to_108m_brainAligned.nii.gz
845,sub-BAMBAM395_ses-001_395_to_3m_brainAligned.nii.gz
846,sub-BAMBAM216_ses-001_216_to_30m_brainAligned.nii.gz
847,sub-BAMBAM161_ses-006_161f_to_108m_brainAligned.nii.gz
848,sub-BAMBAM762_ses-003_762c_to_3m_brainAligned.nii.gz
849,sub-BAMBAM830_ses-002_830b_to_60m_brainAligned.nii.gz
850,sub-BAMBAM372_ses-002_372b_to_72m_brainAligned.nii.gz
851,sub-BAMBAM204_ses-002_204b_to_72m_brainAligned.nii.gz
852,sub-BAMBAM788_ses-001_788_to_96m_brainAligned.nii.gz
853,sub-BAMBAM315_ses-005_315e_to_24m_brainAligned.nii.gz
854,sub-BAMBAM080_ses-001_080_to_6m_brainAligned.nii.gz
855,sub-BAMBAM058_ses-003_058c_to_108m_brainAligned.nii.gz
856,sub-BAMBAM279_ses-001_279_to_96m_brainAligned.nii.gz
857,sub-BAMBAM397_ses-001_397_to_3m_brainAligned.nii.gz
858,sub-BAMBAM252_ses-005_252e_to_84m_brainAligned.nii.gz
859,sub-BAMBAM596_ses-001_596_to_48m_brainAligned.nii.gz
860,sub-BAMBAM712_ses-001_712_to_72m_brainAligned.nii.gz
861,sub-BAMBAM254_ses-006_254f_to_96m_brainAligned.nii.gz
862,sub-BAMBAM067_ses-004_067d_to_42m_brainAligned.nii.gz
863,sub-BAMBAM331_ses-002_331b_to_9m_brainAligned.nii.gz
864,sub-BAMBAM389_ses-001_389_to_3m_brainAligned.nii.gz
865,sub-BAMBAM383_ses-002_383b_to_96m_brainAligned.nii.gz
866,sub-BAMBAM373_ses-002_373b_to_9m_brainAligned.nii.gz
867,sub-BAMBAM236_ses-001_236_to_18m_brainAligned.nii.gz
868,sub-BAMBAM193_ses-002_193b_to_12m_brainAligned.nii.gz
869,sub-BAMBAM903_ses-001_903_to_48m_brainAligned.nii.gz
870,sub-BAMBAM446_ses-001_446_to_6m_brainAligned.nii.gz
871,sub-BAMBAM271_ses-005_271e_to_84m_brainAligned.nii.gz
872,sub-BAMBAM630_ses-002_630b_to_84m_brainAligned.nii.gz
873,sub-BAMBAM1238_ses-001_1238_to_36m_brainAligned.nii.gz
874,sub-BAMBAM110_ses-001_110_to_12m_brainAligned.nii.gz
875,sub-BAMBAM626_ses-001_626_to_21m_brainAligned.nii.gz
876,sub-BAMBAM224_ses-003_224c_to_18m_brainAligned.nii.gz
877,sub-BAMBAM615_ses-001_615_to_30m_brainAligned.nii.gz
878,sub-BAMBAM831_ses-001_831_to_96m_brainAligned.nii.gz
879,sub-BAMBAM461_ses-003_461c_to_24m_brainAligned.nii.gz
880,sub-BAMBAM421_ses-002_421b_to_12m_brainAligned.nii.gz
881,sub-BAMBAM196_ses-006_196f_to_108m_brainAligned.nii.gz
882,sub-BAMBAM386_ses-003_386c_to_96m_brainAligned.nii.gz
883,sub-BAMBAM168_ses-002_168b_to_108m_brainAligned.nii.gz
884,sub-BAMBAM127_ses-007_127g_to_108m_brainAligned.nii.gz
885,sub-BAMBAM174_ses-002_174b_to_72m_brainAligned.nii.gz
886,sub-BAMBAM761_ses-001_761_to_108m_brainAligned.nii.gz
887,sub-BAMBAM066_ses-001_066_to_48m_brainAligned.nii.gz
888,sub-BAMBAM069_ses-005_069e_to_108m_brainAligned.nii.gz
889,sub-BAMBAM198_ses-002_198b_to_9m_brainAligned.nii.gz
890,sub-BAMBAM389_ses-002_389b_to_9m_brainAligned.nii.gz
891,sub-BAMBAM479_ses-005_479e_to_48m_brainAligned.nii.gz
892,sub-BAMBAM631_ses-002_631b_to_72m_brainAligned.nii.gz
893,sub-BAMBAM047_ses-005_047e_to_72m_brainAligned.nii.gz
894,sub-BAMBAM258_ses-004_258d_to_108m_brainAligned.nii.gz
895,sub-BAMBAM017_ses-003_017c_to_108m_brainAligned.nii.gz
896,sub-BAMBAM655_ses-001_655_to_96m_brainAligned.nii.gz
897,sub-BAMBAM445_ses-001_445_to_6m_brainAligned.nii.gz
898,sub-BAMBAM191_ses-001_191_to_30m_brainAligned.nii.gz
899,sub-BAMBAM353_ses-001_353_to_9m_brainAligned.nii.gz
900,sub-BAMBAM052_ses-003_052c_to_60m_brainAligned.nii.gz
901,sub-BAMBAM1222_ses-001_1222_to_72m_brainAligned.nii.gz
902,sub-BAMBAM061_ses-008_061h_to_108m_brainAligned.nii.gz
903,sub-BAMBAM493_ses-001_493_to_12m_brainAligned.nii.gz
904,sub-BAMBAM098_ses-002_098b_to_60m_brainAligned.nii.gz
905,sub-BAMBAM597_ses-001_597_to_96m_brainAligned.nii.gz
906,sub-BAMBAM613_ses-001_613_to_9m_brainAligned.nii.gz
907,sub-BAMBAM101_ses-003_101c_to_108m_brainAligned.nii.gz
908,sub-BAMBAM507_ses-001_507_to_84m_brainAligned.nii.gz
909,sub-BAMBAM119_ses-003_119c_to_108m_brainAligned.nii.gz
910,sub-BAMBAM069_ses-004_069d_to_84m_brainAligned.nii.gz
911,sub-BAMBAM179_ses-001_179_to_72m_brainAligned.nii.gz
912,sub-BAMBAM030_ses-002_030b_to_24m_brainAligned.nii.gz
913,sub-BAMBAM053_ses-008_053h_to_108m_brainAligned.nii.gz
914,sub-BAMBAM017_ses-002_017b_to_108m_brainAligned.nii.gz
915,sub-BAMBAM682_ses-004_682d_to_9m_brainAligned.nii.gz
916,sub-BAMBAM699_ses-005_699e_to_6m_brainAligned.nii.gz
917,sub-BAMBAM091_ses-001_091_to_42m_brainAligned.nii.gz
918,sub-BAMBAM311_ses-001_311_to_9m_brainAligned.nii.gz
919,sub-BAMBAM273_ses-001_273_to_108m_brainAligned.nii.gz
920,sub-BAMBAM127_ses-006_127f_to_108m_brainAligned.nii.gz
921,sub-BAMBAM112_ses-004_112d_to_84m_brainAligned.nii.gz
922,sub-BAMBAM253_ses-004_253d_to_84m_brainAligned.nii.gz
923,sub-BAMBAM704_ses-001_704_to_60m_brainAligned.nii.gz
924,sub-BAMBAM458_ses-002_458b_to_12m_brainAligned.nii.gz
925,sub-BAMBAM595_ses-002_595b_to_9m_brainAligned.nii.gz
926,sub-BAMBAM256_ses-001_256_to_3m_brainAligned.nii.gz
927,sub-BAMBAM115_ses-002_115b_to_108m_brainAligned.nii.gz
928,sub-BAMBAM188_ses-004_188d_to_96m_brainAligned.nii.gz
929,sub-BAMBAM399_ses-003_399c_to_24m_brainAligned.nii.gz
930,sub-BAMBAM200_ses-003_200c_to_108m_brainAligned.nii.gz
931,sub-BAMBAM084_ses-004_084d_to_72m_brainAligned.nii.gz
932,sub-BAMBAM451_ses-003_451c_to_108m_brainAligned.nii.gz
933,sub-BAMBAM021_ses-003_021c_to_84m_brainAligned.nii.gz
934,sub-BAMBAM201_ses-005_201e_to_108m_brainAligned.nii.gz
935,sub-BAMBAM660_ses-001_660_to_48m_brainAligned.nii.gz
936,sub-BAMBAM561_ses-001_561_to_84m_brainAligned.nii.gz
937,sub-BAMBAM019_ses-002_019b_to_12m_brainAligned.nii.gz
938,sub-BAMBAM234_ses-001_234_to_108m_brainAligned.nii.gz
939,sub-BAMBAM698_ses-002_698b_to_72m_brainAligned.nii.gz
940,sub-BAMBAM1223_ses-001_1223_to_3m_brainAligned.nii.gz
941,sub-BAMBAM046_ses-001_046_to_72m_brainAligned.nii.gz
942,sub-BAMBAM308_ses-006_308f_to_84m_brainAligned.nii.gz
943,sub-BAMBAM160_ses-002_160b_to_72m_brainAligned.nii.gz
944,sub-BAMBAM665_ses-001_665_to_60m_brainAligned.nii.gz
945,sub-BAMBAM174_ses-003_174c_to_84m_brainAligned.nii.gz
946,sub-BAMBAM257_ses-003_257c_to_84m_brainAligned.nii.gz
947,sub-BAMBAM019_ses-001_019_to_6m_brainAligned.nii.gz
948,sub-BAMBAM717_ses-001_717_to_108m_brainAligned.nii.gz
949,sub-BAMBAM837_ses-001_837_to_24m_brainAligned.nii.gz
950,sub-BAMBAM759_ses-004_759d_to_3m_brainAligned.nii.gz
951,sub-BAMBAM149_ses-002_149b_to_15m_brainAligned.nii.gz
952,sub-BAMBAM005_ses-002_005b_to_60m_brainAligned.nii.gz
953,sub-BAMBAM660_ses-002_660b_to_60m_brainAligned.nii.gz
954,sub-BAMBAM159_ses-004_159d_to_84m_brainAligned.nii.gz
955,sub-BAMBAM642_ses-002_642b_to_36m_brainAligned.nii.gz
956,sub-BAMBAM637_ses-002_637b_to_84m_brainAligned.nii.gz
957,sub-BAMBAM599_ses-001_599_to_30m_brainAligned.nii.gz
958,sub-BAMBAM189_ses-005_189e_to_96m_brainAligned.nii.gz
959,sub-BAMBAM157_ses-005_157e_to_108m_brainAligned.nii.gz
960,sub-BAMBAM597_ses-002_597b_to_108m_brainAligned.nii.gz
961,sub-BAMBAM511_ses-003_511c_to_42m_brainAligned.nii.gz
962,sub-BAMBAM421_ses-006_421f_to_60m_brainAligned.nii.gz
963,sub-BAMBAM413_ses-001_413_to_6m_brainAligned.nii.gz
964,sub-BAMBAM864_ses-005_864e_to_6m_brainAligned.nii.gz
965,sub-BAMBAM592_ses-001_592_to_108m_brainAligned.nii.gz
966,sub-BAMBAM752_ses-004_752d_to_3m_brainAligned.nii.gz
967,sub-BAMBAM920_ses-002_920b_to_18m_brainAligned.nii.gz
968,sub-BAMBAM066_ses-002_066b_to_60m_brainAligned.nii.gz
969,sub-BAMBAM472_ses-003_472c_to_108m_brainAligned.nii.gz
970,sub-BAMBAM481_ses-001_481_to_6m_brainAligned.nii.gz
971,sub-BAMBAM395_ses-002_395b_to_12m_brainAligned.nii.gz
972,sub-BAMBAM070_ses-002_070b_to_72m_brainAligned.nii.gz
973,sub-BAMBAM244_ses-005_244e_to_96m_brainAligned.nii.gz
974,sub-BAMBAM429_ses-001_429_to_6m_brainAligned.nii.gz
975,sub-BAMBAM062_ses-006_062f_to_108m_brainAligned.nii.gz
976,sub-BAMBAM062_ses-007_062g_to_108m_brainAligned.nii.gz
977,sub-BAMBAM104_ses-003_104c_to_48m_brainAligned.nii.gz
978,sub-BAMBAM098_ses-003_098c_to_96m_brainAligned.nii.gz
979,sub-BAMBAM161_ses-001_161_to_30m_brainAligned.nii.gz
980,sub-BAMBAM002_ses-001_002_to_3m_brainAligned.nii.gz
981,sub-BAMBAM645_ses-001_645_to_72m_brainAligned.nii.gz
982,sub-BAMBAM711_ses-005_711e_to_6m_brainAligned.nii.gz
983,sub-BAMBAM039_ses-001_039_to_42m_brainAligned.nii.gz
984,sub-BAMBAM486_ses-001_486_to_6m_brainAligned.nii.gz
985,sub-BAMBAM241_ses-001_241_to_72m_brainAligned.nii.gz
986,sub-BAMBAM551_ses-001_551_to_36m_brainAligned.nii.gz
987,sub-BAMBAM544_ses-001_544_to_48m_brainAligned.nii.gz
988,sub-BAMBAM198_ses-001_198_to_3m_brainAligned.nii.gz
989,sub-BAMBAM537_ses-001_537_to_15m_brainAligned.nii.gz
990,sub-BAMBAM053_ses-006_053f_to_72m_brainAligned.nii.gz
991,sub-BAMBAM079_ses-003_079c_to_72m_brainAligned.nii.gz
992,sub-BAMBAM359_ses-001_359_to_36m_brainAligned.nii.gz
993,sub-BAMBAM411_ses-003_411c_to_30m_brainAligned.nii.gz
994,sub-BAMBAM262_ses-001_262_to_72m_brainAligned.nii.gz
995,sub-BAMBAM811_ses-001_811_to_42m_brainAligned.nii.gz
996,sub-BAMBAM325_ses-005_325e_to_108m_brainAligned.nii.gz
997,sub-BAMBAM388_ses-006_388f_to_60m_brainAligned.nii.gz
998,sub-BAMBAM066_ses-008_066h_to_108m_brainAligned.nii.gz
999,sub-BAMBAM845_ses-001_845_to_42m_brainAligned.nii.gz
1000,sub-BAMBAM217_ses-001_217_to_96m_brainAligned.nii.gz
1001,sub-BAMBAM051_ses-002_051b_to_18m_brainAligned.nii.gz
1002,sub-BAMBAM451_ses-002_451b_to_108m_brainAligned.nii.gz
1003,sub-BAMBAM201_ses-002_201b_to_48m_brainAligned.nii.gz
1004,sub-BAMBAM524_ses-005_524e_to_24m_brainAligned.nii.gz
1005,sub-BAMBAM575_ses-001_575_to_36m_brainAligned.nii.gz
1006,sub-BAMBAM1004_ses-003_1004c_to_3m_brainAligned.nii.gz
1007,sub-BAMBAM308_ses-004_308d_to_36m_brainAligned.nii.gz
1008,sub-BAMBAM330_ses-003_330c_to_84m_brainAligned.nii.gz
1009,sub-BAMBAM037_ses-005_037e_to_84m_brainAligned.nii.gz
1010,sub-BAMBAM405_ses-001_405_to_3m_brainAligned.nii.gz
1011,sub-BAMBAM084_ses-006_084f_to_108m_brainAligned.nii.gz
1012,sub-BAMBAM337_ses-003_337c_to_108m_brainAligned.nii.gz
1013,sub-BAMBAM161_ses-004_161d_to_84m_brainAligned.nii.gz
1014,sub-BAMBAM047_ses-002_047b_to_30m_brainAligned.nii.gz
1015,sub-BAMBAM279_ses-003_279c_to_108m_brainAligned.nii.gz
1016,sub-BAMBAM177_ses-002_177b_to_24m_brainAligned.nii.gz
1017,sub-BAMBAM125_ses-003_125c_to_108m_brainAligned.nii.gz
1018,sub-BAMBAM525_ses-001_525_to_60m_brainAligned.nii.gz
1019,sub-BAMBAM175_ses-003_175c_to_108m_brainAligned.nii.gz
1020,sub-BAMBAM668_ses-001_668_to_72m_brainAligned.nii.gz
1021,sub-BAMBAM066_ses-006_066f_to_108m_brainAligned.nii.gz
1022,sub-BAMBAM138_ses-002_138b_to_15m_brainAligned.nii.gz
1023,sub-BAMBAM603_ses-006_603f_to_24m_brainAligned.nii.gz
1024,sub-BAMBAM635_ses-002_635b_to_60m_brainAligned.nii.gz
1025,sub-BAMBAM069_ses-002_069b_to_60m_brainAligned.nii.gz
1026,sub-BAMBAM146_ses-001_146_to_9m_brainAligned.nii.gz
